"";"SEKTOR";"IZOBRAZBA";"SPOL";"LETO";"POVPRECNA_PLACA"
"1";"1 Javni in zasebni sektor - SKUPAJ";"Izobrazba - Skupaj";"Spol - SKUPAJ";2009;1477
"2";"1 Javni in zasebni sektor - SKUPAJ";"Izobrazba - Skupaj";"Spol - SKUPAJ";2010;1538
"3";"1 Javni in zasebni sektor - SKUPAJ";"Izobrazba - Skupaj";"Spol - SKUPAJ";2011;1582
"4";"1 Javni in zasebni sektor - SKUPAJ";"Izobrazba - Skupaj";"Spol - SKUPAJ";2012;1601
"5";"1 Javni in zasebni sektor - SKUPAJ";"Izobrazba - Skupaj";"Spol - SKUPAJ";2013;1598
"6";"1 Javni in zasebni sektor - SKUPAJ";"Izobrazba - Skupaj";"Spol - SKUPAJ";2014;1637
"7";"1 Javni in zasebni sektor - SKUPAJ";"Izobrazba - Skupaj";"Spol - SKUPAJ";2015;1652
"8";"1 Javni in zasebni sektor - SKUPAJ";"Izobrazba - Skupaj";"Spol - SKUPAJ";2016;1686
"9";"1 Javni in zasebni sektor - SKUPAJ";"Izobrazba - Skupaj";"Spol - SKUPAJ";2017;1722
"10";"1 Javni in zasebni sektor - SKUPAJ";"Izobrazba - Skupaj";"Spol - SKUPAJ";2018;1778
"11";"1 Javni in zasebni sektor - SKUPAJ";"Izobrazba - Skupaj";"Spol - SKUPAJ";2019;1851
"12";"1 Javni in zasebni sektor - SKUPAJ";"Izobrazba - Skupaj";"Mo뚊i";2009;1496
"13";"1 Javni in zasebni sektor - SKUPAJ";"Izobrazba - Skupaj";"Mo뚊i";2010;1564
"14";"1 Javni in zasebni sektor - SKUPAJ";"Izobrazba - Skupaj";"Mo뚊i";2011;1617
"15";"1 Javni in zasebni sektor - SKUPAJ";"Izobrazba - Skupaj";"Mo뚊i";2012;1639
"16";"1 Javni in zasebni sektor - SKUPAJ";"Izobrazba - Skupaj";"Mo뚊i";2013;1639
"17";"1 Javni in zasebni sektor - SKUPAJ";"Izobrazba - Skupaj";"Mo뚊i";2014;1678
"18";"1 Javni in zasebni sektor - SKUPAJ";"Izobrazba - Skupaj";"Mo뚊i";2015;1698
"19";"1 Javni in zasebni sektor - SKUPAJ";"Izobrazba - Skupaj";"Mo뚊i";2016;1733
"20";"1 Javni in zasebni sektor - SKUPAJ";"Izobrazba - Skupaj";"Mo뚊i";2017;1770
"21";"1 Javni in zasebni sektor - SKUPAJ";"Izobrazba - Skupaj";"Mo뚊i";2018;1837
"22";"1 Javni in zasebni sektor - SKUPAJ";"Izobrazba - Skupaj";"Mo뚊i";2019;1900
"23";"1 Javni in zasebni sektor - SKUPAJ";"Izobrazba - Skupaj";"꾠nske";2009;1453
"24";"1 Javni in zasebni sektor - SKUPAJ";"Izobrazba - Skupaj";"꾠nske";2010;1506
"25";"1 Javni in zasebni sektor - SKUPAJ";"Izobrazba - Skupaj";"꾠nske";2011;1542
"26";"1 Javni in zasebni sektor - SKUPAJ";"Izobrazba - Skupaj";"꾠nske";2012;1555
"27";"1 Javni in zasebni sektor - SKUPAJ";"Izobrazba - Skupaj";"꾠nske";2013;1551
"28";"1 Javni in zasebni sektor - SKUPAJ";"Izobrazba - Skupaj";"꾠nske";2014;1589
"29";"1 Javni in zasebni sektor - SKUPAJ";"Izobrazba - Skupaj";"꾠nske";2015;1598
"30";"1 Javni in zasebni sektor - SKUPAJ";"Izobrazba - Skupaj";"꾠nske";2016;1631
"31";"1 Javni in zasebni sektor - SKUPAJ";"Izobrazba - Skupaj";"꾠nske";2017;1664
"32";"1 Javni in zasebni sektor - SKUPAJ";"Izobrazba - Skupaj";"꾠nske";2018;1708
"33";"1 Javni in zasebni sektor - SKUPAJ";"Izobrazba - Skupaj";"꾠nske";2019;1790
"34";"1 Javni in zasebni sektor - SKUPAJ";"Osnovno뚎lska ali manj";"Spol - SKUPAJ";2009;895
"35";"1 Javni in zasebni sektor - SKUPAJ";"Osnovno뚎lska ali manj";"Spol - SKUPAJ";2010;952
"36";"1 Javni in zasebni sektor - SKUPAJ";"Osnovno뚎lska ali manj";"Spol - SKUPAJ";2011;993
"37";"1 Javni in zasebni sektor - SKUPAJ";"Osnovno뚎lska ali manj";"Spol - SKUPAJ";2012;1022
"38";"1 Javni in zasebni sektor - SKUPAJ";"Osnovno뚎lska ali manj";"Spol - SKUPAJ";2013;1037
"39";"1 Javni in zasebni sektor - SKUPAJ";"Osnovno뚎lska ali manj";"Spol - SKUPAJ";2014;1068
"40";"1 Javni in zasebni sektor - SKUPAJ";"Osnovno뚎lska ali manj";"Spol - SKUPAJ";2015;1087
"41";"1 Javni in zasebni sektor - SKUPAJ";"Osnovno뚎lska ali manj";"Spol - SKUPAJ";2016;1103
"42";"1 Javni in zasebni sektor - SKUPAJ";"Osnovno뚎lska ali manj";"Spol - SKUPAJ";2017;1135
"43";"1 Javni in zasebni sektor - SKUPAJ";"Osnovno뚎lska ali manj";"Spol - SKUPAJ";2018;1193
"44";"1 Javni in zasebni sektor - SKUPAJ";"Osnovno뚎lska ali manj";"Spol - SKUPAJ";2019;1238
"45";"1 Javni in zasebni sektor - SKUPAJ";"Osnovno뚎lska ali manj";"Mo뚊i";2009;940
"46";"1 Javni in zasebni sektor - SKUPAJ";"Osnovno뚎lska ali manj";"Mo뚊i";2010;1003
"47";"1 Javni in zasebni sektor - SKUPAJ";"Osnovno뚎lska ali manj";"Mo뚊i";2011;1052
"48";"1 Javni in zasebni sektor - SKUPAJ";"Osnovno뚎lska ali manj";"Mo뚊i";2012;1088
"49";"1 Javni in zasebni sektor - SKUPAJ";"Osnovno뚎lska ali manj";"Mo뚊i";2013;1108
"50";"1 Javni in zasebni sektor - SKUPAJ";"Osnovno뚎lska ali manj";"Mo뚊i";2014;1143
"51";"1 Javni in zasebni sektor - SKUPAJ";"Osnovno뚎lska ali manj";"Mo뚊i";2015;1170
"52";"1 Javni in zasebni sektor - SKUPAJ";"Osnovno뚎lska ali manj";"Mo뚊i";2016;1189
"53";"1 Javni in zasebni sektor - SKUPAJ";"Osnovno뚎lska ali manj";"Mo뚊i";2017;1223
"54";"1 Javni in zasebni sektor - SKUPAJ";"Osnovno뚎lska ali manj";"Mo뚊i";2018;1284
"55";"1 Javni in zasebni sektor - SKUPAJ";"Osnovno뚎lska ali manj";"Mo뚊i";2019;1323
"56";"1 Javni in zasebni sektor - SKUPAJ";"Osnovno뚎lska ali manj";"꾠nske";2009;824
"57";"1 Javni in zasebni sektor - SKUPAJ";"Osnovno뚎lska ali manj";"꾠nske";2010;873
"58";"1 Javni in zasebni sektor - SKUPAJ";"Osnovno뚎lska ali manj";"꾠nske";2011;909
"59";"1 Javni in zasebni sektor - SKUPAJ";"Osnovno뚎lska ali manj";"꾠nske";2012;929
"60";"1 Javni in zasebni sektor - SKUPAJ";"Osnovno뚎lska ali manj";"꾠nske";2013;940
"61";"1 Javni in zasebni sektor - SKUPAJ";"Osnovno뚎lska ali manj";"꾠nske";2014;964
"62";"1 Javni in zasebni sektor - SKUPAJ";"Osnovno뚎lska ali manj";"꾠nske";2015;973
"63";"1 Javni in zasebni sektor - SKUPAJ";"Osnovno뚎lska ali manj";"꾠nske";2016;987
"64";"1 Javni in zasebni sektor - SKUPAJ";"Osnovno뚎lska ali manj";"꾠nske";2017;1015
"65";"1 Javni in zasebni sektor - SKUPAJ";"Osnovno뚎lska ali manj";"꾠nske";2018;1067
"66";"1 Javni in zasebni sektor - SKUPAJ";"Osnovno뚎lska ali manj";"꾠nske";2019;1114
"67";"1 Javni in zasebni sektor - SKUPAJ";"Srednje뚎lska";"Spol - SKUPAJ";2009;1219
"68";"1 Javni in zasebni sektor - SKUPAJ";"Srednje뚎lska";"Spol - SKUPAJ";2010;1265
"69";"1 Javni in zasebni sektor - SKUPAJ";"Srednje뚎lska";"Spol - SKUPAJ";2011;1287
"70";"1 Javni in zasebni sektor - SKUPAJ";"Srednje뚎lska";"Spol - SKUPAJ";2012;1301
"71";"1 Javni in zasebni sektor - SKUPAJ";"Srednje뚎lska";"Spol - SKUPAJ";2013;1302
"72";"1 Javni in zasebni sektor - SKUPAJ";"Srednje뚎lska";"Spol - SKUPAJ";2014;1334
"73";"1 Javni in zasebni sektor - SKUPAJ";"Srednje뚎lska";"Spol - SKUPAJ";2015;1346
"74";"1 Javni in zasebni sektor - SKUPAJ";"Srednje뚎lska";"Spol - SKUPAJ";2016;1365
"75";"1 Javni in zasebni sektor - SKUPAJ";"Srednje뚎lska";"Spol - SKUPAJ";2017;1390
"76";"1 Javni in zasebni sektor - SKUPAJ";"Srednje뚎lska";"Spol - SKUPAJ";2018;1447
"77";"1 Javni in zasebni sektor - SKUPAJ";"Srednje뚎lska";"Spol - SKUPAJ";2019;1506
"78";"1 Javni in zasebni sektor - SKUPAJ";"Srednje뚎lska";"Mo뚊i";2009;1264
"79";"1 Javni in zasebni sektor - SKUPAJ";"Srednje뚎lska";"Mo뚊i";2010;1316
"80";"1 Javni in zasebni sektor - SKUPAJ";"Srednje뚎lska";"Mo뚊i";2011;1345
"81";"1 Javni in zasebni sektor - SKUPAJ";"Srednje뚎lska";"Mo뚊i";2012;1363
"82";"1 Javni in zasebni sektor - SKUPAJ";"Srednje뚎lska";"Mo뚊i";2013;1364
"83";"1 Javni in zasebni sektor - SKUPAJ";"Srednje뚎lska";"Mo뚊i";2014;1400
"84";"1 Javni in zasebni sektor - SKUPAJ";"Srednje뚎lska";"Mo뚊i";2015;1418
"85";"1 Javni in zasebni sektor - SKUPAJ";"Srednje뚎lska";"Mo뚊i";2016;1438
"86";"1 Javni in zasebni sektor - SKUPAJ";"Srednje뚎lska";"Mo뚊i";2017;1466
"87";"1 Javni in zasebni sektor - SKUPAJ";"Srednje뚎lska";"Mo뚊i";2018;1531
"88";"1 Javni in zasebni sektor - SKUPAJ";"Srednje뚎lska";"Mo뚊i";2019;1588
"89";"1 Javni in zasebni sektor - SKUPAJ";"Srednje뚎lska";"꾠nske";2009;1152
"90";"1 Javni in zasebni sektor - SKUPAJ";"Srednje뚎lska";"꾠nske";2010;1189
"91";"1 Javni in zasebni sektor - SKUPAJ";"Srednje뚎lska";"꾠nske";2011;1202
"92";"1 Javni in zasebni sektor - SKUPAJ";"Srednje뚎lska";"꾠nske";2012;1210
"93";"1 Javni in zasebni sektor - SKUPAJ";"Srednje뚎lska";"꾠nske";2013;1209
"94";"1 Javni in zasebni sektor - SKUPAJ";"Srednje뚎lska";"꾠nske";2014;1232
"95";"1 Javni in zasebni sektor - SKUPAJ";"Srednje뚎lska";"꾠nske";2015;1233
"96";"1 Javni in zasebni sektor - SKUPAJ";"Srednje뚎lska";"꾠nske";2016;1249
"97";"1 Javni in zasebni sektor - SKUPAJ";"Srednje뚎lska";"꾠nske";2017;1266
"98";"1 Javni in zasebni sektor - SKUPAJ";"Srednje뚎lska";"꾠nske";2018;1311
"99";"1 Javni in zasebni sektor - SKUPAJ";"Srednje뚎lska";"꾠nske";2019;1365
"100";"1 Javni in zasebni sektor - SKUPAJ";"Vi뚉e뚎lska, visoko뚎lska";"Spol - SKUPAJ";2009;2362
"101";"1 Javni in zasebni sektor - SKUPAJ";"Vi뚉e뚎lska, visoko뚎lska";"Spol - SKUPAJ";2010;2375
"102";"1 Javni in zasebni sektor - SKUPAJ";"Vi뚉e뚎lska, visoko뚎lska";"Spol - SKUPAJ";2011;2375
"103";"1 Javni in zasebni sektor - SKUPAJ";"Vi뚉e뚎lska, visoko뚎lska";"Spol - SKUPAJ";2012;2347
"104";"1 Javni in zasebni sektor - SKUPAJ";"Vi뚉e뚎lska, visoko뚎lska";"Spol - SKUPAJ";2013;2292
"105";"1 Javni in zasebni sektor - SKUPAJ";"Vi뚉e뚎lska, visoko뚎lska";"Spol - SKUPAJ";2014;2311
"106";"1 Javni in zasebni sektor - SKUPAJ";"Vi뚉e뚎lska, visoko뚎lska";"Spol - SKUPAJ";2015;2313
"107";"1 Javni in zasebni sektor - SKUPAJ";"Vi뚉e뚎lska, visoko뚎lska";"Spol - SKUPAJ";2016;2334
"108";"1 Javni in zasebni sektor - SKUPAJ";"Vi뚉e뚎lska, visoko뚎lska";"Spol - SKUPAJ";2017;2356
"109";"1 Javni in zasebni sektor - SKUPAJ";"Vi뚉e뚎lska, visoko뚎lska";"Spol - SKUPAJ";2018;2401
"110";"1 Javni in zasebni sektor - SKUPAJ";"Vi뚉e뚎lska, visoko뚎lska";"Spol - SKUPAJ";2019;2487
"111";"1 Javni in zasebni sektor - SKUPAJ";"Vi뚉e뚎lska, visoko뚎lska";"Mo뚊i";2009;2657
"112";"1 Javni in zasebni sektor - SKUPAJ";"Vi뚉e뚎lska, visoko뚎lska";"Mo뚊i";2010;2661
"113";"1 Javni in zasebni sektor - SKUPAJ";"Vi뚉e뚎lska, visoko뚎lska";"Mo뚊i";2011;2657
"114";"1 Javni in zasebni sektor - SKUPAJ";"Vi뚉e뚎lska, visoko뚎lska";"Mo뚊i";2012;2633
"115";"1 Javni in zasebni sektor - SKUPAJ";"Vi뚉e뚎lska, visoko뚎lska";"Mo뚊i";2013;2568
"116";"1 Javni in zasebni sektor - SKUPAJ";"Vi뚉e뚎lska, visoko뚎lska";"Mo뚊i";2014;2569
"117";"1 Javni in zasebni sektor - SKUPAJ";"Vi뚉e뚎lska, visoko뚎lska";"Mo뚊i";2015;2579
"118";"1 Javni in zasebni sektor - SKUPAJ";"Vi뚉e뚎lska, visoko뚎lska";"Mo뚊i";2016;2596
"119";"1 Javni in zasebni sektor - SKUPAJ";"Vi뚉e뚎lska, visoko뚎lska";"Mo뚊i";2017;2615
"120";"1 Javni in zasebni sektor - SKUPAJ";"Vi뚉e뚎lska, visoko뚎lska";"Mo뚊i";2018;2681
"121";"1 Javni in zasebni sektor - SKUPAJ";"Vi뚉e뚎lska, visoko뚎lska";"Mo뚊i";2019;2771
"122";"1 Javni in zasebni sektor - SKUPAJ";"Vi뚉e뚎lska, visoko뚎lska";"꾠nske";2009;2144
"123";"1 Javni in zasebni sektor - SKUPAJ";"Vi뚉e뚎lska, visoko뚎lska";"꾠nske";2010;2164
"124";"1 Javni in zasebni sektor - SKUPAJ";"Vi뚉e뚎lska, visoko뚎lska";"꾠nske";2011;2171
"125";"1 Javni in zasebni sektor - SKUPAJ";"Vi뚉e뚎lska, visoko뚎lska";"꾠nske";2012;2144
"126";"1 Javni in zasebni sektor - SKUPAJ";"Vi뚉e뚎lska, visoko뚎lska";"꾠nske";2013;2097
"127";"1 Javni in zasebni sektor - SKUPAJ";"Vi뚉e뚎lska, visoko뚎lska";"꾠nske";2014;2125
"128";"1 Javni in zasebni sektor - SKUPAJ";"Vi뚉e뚎lska, visoko뚎lska";"꾠nske";2015;2123
"129";"1 Javni in zasebni sektor - SKUPAJ";"Vi뚉e뚎lska, visoko뚎lska";"꾠nske";2016;2147
"130";"1 Javni in zasebni sektor - SKUPAJ";"Vi뚉e뚎lska, visoko뚎lska";"꾠nske";2017;2169
"131";"1 Javni in zasebni sektor - SKUPAJ";"Vi뚉e뚎lska, visoko뚎lska";"꾠nske";2018;2199
"132";"1 Javni in zasebni sektor - SKUPAJ";"Vi뚉e뚎lska, visoko뚎lska";"꾠nske";2019;2284
"133";"11 Javni sektor - SKUPAJ";"Izobrazba - Skupaj";"Spol - SKUPAJ";2009;1815
"134";"11 Javni sektor - SKUPAJ";"Izobrazba - Skupaj";"Spol - SKUPAJ";2010;1824
"135";"11 Javni sektor - SKUPAJ";"Izobrazba - Skupaj";"Spol - SKUPAJ";2011;1870
"136";"11 Javni sektor - SKUPAJ";"Izobrazba - Skupaj";"Spol - SKUPAJ";2012;1843
"137";"11 Javni sektor - SKUPAJ";"Izobrazba - Skupaj";"Spol - SKUPAJ";2013;1823
"138";"11 Javni sektor - SKUPAJ";"Izobrazba - Skupaj";"Spol - SKUPAJ";2014;1863
"139";"11 Javni sektor - SKUPAJ";"Izobrazba - Skupaj";"Spol - SKUPAJ";2015;1859
"140";"11 Javni sektor - SKUPAJ";"Izobrazba - Skupaj";"Spol - SKUPAJ";2016;1909
"141";"11 Javni sektor - SKUPAJ";"Izobrazba - Skupaj";"Spol - SKUPAJ";2017;1960
"142";"11 Javni sektor - SKUPAJ";"Izobrazba - Skupaj";"Spol - SKUPAJ";2018;2016
"143";"11 Javni sektor - SKUPAJ";"Izobrazba - Skupaj";"Spol - SKUPAJ";2019;2113
"144";"11 Javni sektor - SKUPAJ";"Izobrazba - Skupaj";"Mo뚊i";2009;1924
"145";"11 Javni sektor - SKUPAJ";"Izobrazba - Skupaj";"Mo뚊i";2010;1931
"146";"11 Javni sektor - SKUPAJ";"Izobrazba - Skupaj";"Mo뚊i";2011;2016
"147";"11 Javni sektor - SKUPAJ";"Izobrazba - Skupaj";"Mo뚊i";2012;1975
"148";"11 Javni sektor - SKUPAJ";"Izobrazba - Skupaj";"Mo뚊i";2013;1965
"149";"11 Javni sektor - SKUPAJ";"Izobrazba - Skupaj";"Mo뚊i";2014;2003
"150";"11 Javni sektor - SKUPAJ";"Izobrazba - Skupaj";"Mo뚊i";2015;2008
"151";"11 Javni sektor - SKUPAJ";"Izobrazba - Skupaj";"Mo뚊i";2016;2071
"152";"11 Javni sektor - SKUPAJ";"Izobrazba - Skupaj";"Mo뚊i";2017;2124
"153";"11 Javni sektor - SKUPAJ";"Izobrazba - Skupaj";"Mo뚊i";2018;2199
"154";"11 Javni sektor - SKUPAJ";"Izobrazba - Skupaj";"Mo뚊i";2019;2302
"155";"11 Javni sektor - SKUPAJ";"Izobrazba - Skupaj";"꾠nske";2009;1736
"156";"11 Javni sektor - SKUPAJ";"Izobrazba - Skupaj";"꾠nske";2010;1749
"157";"11 Javni sektor - SKUPAJ";"Izobrazba - Skupaj";"꾠nske";2011;1776
"158";"11 Javni sektor - SKUPAJ";"Izobrazba - Skupaj";"꾠nske";2012;1754
"159";"11 Javni sektor - SKUPAJ";"Izobrazba - Skupaj";"꾠nske";2013;1732
"160";"11 Javni sektor - SKUPAJ";"Izobrazba - Skupaj";"꾠nske";2014;1769
"161";"11 Javni sektor - SKUPAJ";"Izobrazba - Skupaj";"꾠nske";2015;1761
"162";"11 Javni sektor - SKUPAJ";"Izobrazba - Skupaj";"꾠nske";2016;1806
"163";"11 Javni sektor - SKUPAJ";"Izobrazba - Skupaj";"꾠nske";2017;1855
"164";"11 Javni sektor - SKUPAJ";"Izobrazba - Skupaj";"꾠nske";2018;1899
"165";"11 Javni sektor - SKUPAJ";"Izobrazba - Skupaj";"꾠nske";2019;1994
"166";"11 Javni sektor - SKUPAJ";"Osnovno뚎lska ali manj";"Spol - SKUPAJ";2009;990
"167";"11 Javni sektor - SKUPAJ";"Osnovno뚎lska ali manj";"Spol - SKUPAJ";2010;1007
"168";"11 Javni sektor - SKUPAJ";"Osnovno뚎lska ali manj";"Spol - SKUPAJ";2011;1012
"169";"11 Javni sektor - SKUPAJ";"Osnovno뚎lska ali manj";"Spol - SKUPAJ";2012;1033
"170";"11 Javni sektor - SKUPAJ";"Osnovno뚎lska ali manj";"Spol - SKUPAJ";2013;1039
"171";"11 Javni sektor - SKUPAJ";"Osnovno뚎lska ali manj";"Spol - SKUPAJ";2014;1066
"172";"11 Javni sektor - SKUPAJ";"Osnovno뚎lska ali manj";"Spol - SKUPAJ";2015;1060
"173";"11 Javni sektor - SKUPAJ";"Osnovno뚎lska ali manj";"Spol - SKUPAJ";2016;1067
"174";"11 Javni sektor - SKUPAJ";"Osnovno뚎lska ali manj";"Spol - SKUPAJ";2017;1118
"175";"11 Javni sektor - SKUPAJ";"Osnovno뚎lska ali manj";"Spol - SKUPAJ";2018;1177
"176";"11 Javni sektor - SKUPAJ";"Osnovno뚎lska ali manj";"Spol - SKUPAJ";2019;1229
"177";"11 Javni sektor - SKUPAJ";"Osnovno뚎lska ali manj";"Mo뚊i";2009;1124
"178";"11 Javni sektor - SKUPAJ";"Osnovno뚎lska ali manj";"Mo뚊i";2010;1150
"179";"11 Javni sektor - SKUPAJ";"Osnovno뚎lska ali manj";"Mo뚊i";2011;1196
"180";"11 Javni sektor - SKUPAJ";"Osnovno뚎lska ali manj";"Mo뚊i";2012;1220
"181";"11 Javni sektor - SKUPAJ";"Osnovno뚎lska ali manj";"Mo뚊i";2013;1230
"182";"11 Javni sektor - SKUPAJ";"Osnovno뚎lska ali manj";"Mo뚊i";2014;1269
"183";"11 Javni sektor - SKUPAJ";"Osnovno뚎lska ali manj";"Mo뚊i";2015;1277
"184";"11 Javni sektor - SKUPAJ";"Osnovno뚎lska ali manj";"Mo뚊i";2016;1287
"185";"11 Javni sektor - SKUPAJ";"Osnovno뚎lska ali manj";"Mo뚊i";2017;1343
"186";"11 Javni sektor - SKUPAJ";"Osnovno뚎lska ali manj";"Mo뚊i";2018;1409
"187";"11 Javni sektor - SKUPAJ";"Osnovno뚎lska ali manj";"Mo뚊i";2019;1448
"188";"11 Javni sektor - SKUPAJ";"Osnovno뚎lska ali manj";"꾠nske";2009;892
"189";"11 Javni sektor - SKUPAJ";"Osnovno뚎lska ali manj";"꾠nske";2010;904
"190";"11 Javni sektor - SKUPAJ";"Osnovno뚎lska ali manj";"꾠nske";2011;915
"191";"11 Javni sektor - SKUPAJ";"Osnovno뚎lska ali manj";"꾠nske";2012;914
"192";"11 Javni sektor - SKUPAJ";"Osnovno뚎lska ali manj";"꾠nske";2013;917
"193";"11 Javni sektor - SKUPAJ";"Osnovno뚎lska ali manj";"꾠nske";2014;940
"194";"11 Javni sektor - SKUPAJ";"Osnovno뚎lska ali manj";"꾠nske";2015;922
"195";"11 Javni sektor - SKUPAJ";"Osnovno뚎lska ali manj";"꾠nske";2016;946
"196";"11 Javni sektor - SKUPAJ";"Osnovno뚎lska ali manj";"꾠nske";2017;985
"197";"11 Javni sektor - SKUPAJ";"Osnovno뚎lska ali manj";"꾠nske";2018;1041
"198";"11 Javni sektor - SKUPAJ";"Osnovno뚎lska ali manj";"꾠nske";2019;1103
"199";"11 Javni sektor - SKUPAJ";"Srednje뚎lska";"Spol - SKUPAJ";2009;1419
"200";"11 Javni sektor - SKUPAJ";"Srednje뚎lska";"Spol - SKUPAJ";2010;1415
"201";"11 Javni sektor - SKUPAJ";"Srednje뚎lska";"Spol - SKUPAJ";2011;1425
"202";"11 Javni sektor - SKUPAJ";"Srednje뚎lska";"Spol - SKUPAJ";2012;1425
"203";"11 Javni sektor - SKUPAJ";"Srednje뚎lska";"Spol - SKUPAJ";2013;1409
"204";"11 Javni sektor - SKUPAJ";"Srednje뚎lska";"Spol - SKUPAJ";2014;1450
"205";"11 Javni sektor - SKUPAJ";"Srednje뚎lska";"Spol - SKUPAJ";2015;1439
"206";"11 Javni sektor - SKUPAJ";"Srednje뚎lska";"Spol - SKUPAJ";2016;1459
"207";"11 Javni sektor - SKUPAJ";"Srednje뚎lska";"Spol - SKUPAJ";2017;1503
"208";"11 Javni sektor - SKUPAJ";"Srednje뚎lska";"Spol - SKUPAJ";2018;1566
"209";"11 Javni sektor - SKUPAJ";"Srednje뚎lska";"Spol - SKUPAJ";2019;1643
"210";"11 Javni sektor - SKUPAJ";"Srednje뚎lska";"Mo뚊i";2009;1511
"211";"11 Javni sektor - SKUPAJ";"Srednje뚎lska";"Mo뚊i";2010;1508
"212";"11 Javni sektor - SKUPAJ";"Srednje뚎lska";"Mo뚊i";2011;1542
"213";"11 Javni sektor - SKUPAJ";"Srednje뚎lska";"Mo뚊i";2012;1546
"214";"11 Javni sektor - SKUPAJ";"Srednje뚎lska";"Mo뚊i";2013;1536
"215";"11 Javni sektor - SKUPAJ";"Srednje뚎lska";"Mo뚊i";2014;1586
"216";"11 Javni sektor - SKUPAJ";"Srednje뚎lska";"Mo뚊i";2015;1590
"217";"11 Javni sektor - SKUPAJ";"Srednje뚎lska";"Mo뚊i";2016;1620
"218";"11 Javni sektor - SKUPAJ";"Srednje뚎lska";"Mo뚊i";2017;1671
"219";"11 Javni sektor - SKUPAJ";"Srednje뚎lska";"Mo뚊i";2018;1747
"220";"11 Javni sektor - SKUPAJ";"Srednje뚎lska";"Mo뚊i";2019;1837
"221";"11 Javni sektor - SKUPAJ";"Srednje뚎lska";"꾠nske";2009;1331
"222";"11 Javni sektor - SKUPAJ";"Srednje뚎lska";"꾠nske";2010;1325
"223";"11 Javni sektor - SKUPAJ";"Srednje뚎lska";"꾠nske";2011;1323
"224";"11 Javni sektor - SKUPAJ";"Srednje뚎lska";"꾠nske";2012;1310
"225";"11 Javni sektor - SKUPAJ";"Srednje뚎lska";"꾠nske";2013;1294
"226";"11 Javni sektor - SKUPAJ";"Srednje뚎lska";"꾠nske";2014;1318
"227";"11 Javni sektor - SKUPAJ";"Srednje뚎lska";"꾠nske";2015;1294
"228";"11 Javni sektor - SKUPAJ";"Srednje뚎lska";"꾠nske";2016;1312
"229";"11 Javni sektor - SKUPAJ";"Srednje뚎lska";"꾠nske";2017;1343
"230";"11 Javni sektor - SKUPAJ";"Srednje뚎lska";"꾠nske";2018;1393
"231";"11 Javni sektor - SKUPAJ";"Srednje뚎lska";"꾠nske";2019;1454
"232";"11 Javni sektor - SKUPAJ";"Vi뚉e뚎lska, visoko뚎lska";"Spol - SKUPAJ";2009;2384
"233";"11 Javni sektor - SKUPAJ";"Vi뚉e뚎lska, visoko뚎lska";"Spol - SKUPAJ";2010;2369
"234";"11 Javni sektor - SKUPAJ";"Vi뚉e뚎lska, visoko뚎lska";"Spol - SKUPAJ";2011;2362
"235";"11 Javni sektor - SKUPAJ";"Vi뚉e뚎lska, visoko뚎lska";"Spol - SKUPAJ";2012;2311
"236";"11 Javni sektor - SKUPAJ";"Vi뚉e뚎lska, visoko뚎lska";"Spol - SKUPAJ";2013;2252
"237";"11 Javni sektor - SKUPAJ";"Vi뚉e뚎lska, visoko뚎lska";"Spol - SKUPAJ";2014;2283
"238";"11 Javni sektor - SKUPAJ";"Vi뚉e뚎lska, visoko뚎lska";"Spol - SKUPAJ";2015;2281
"239";"11 Javni sektor - SKUPAJ";"Vi뚉e뚎lska, visoko뚎lska";"Spol - SKUPAJ";2016;2318
"240";"11 Javni sektor - SKUPAJ";"Vi뚉e뚎lska, visoko뚎lska";"Spol - SKUPAJ";2017;2359
"241";"11 Javni sektor - SKUPAJ";"Vi뚉e뚎lska, visoko뚎lska";"Spol - SKUPAJ";2018;2401
"242";"11 Javni sektor - SKUPAJ";"Vi뚉e뚎lska, visoko뚎lska";"Spol - SKUPAJ";2019;2497
"243";"11 Javni sektor - SKUPAJ";"Vi뚉e뚎lska, visoko뚎lska";"Mo뚊i";2009;2744
"244";"11 Javni sektor - SKUPAJ";"Vi뚉e뚎lska, visoko뚎lska";"Mo뚊i";2010;2710
"245";"11 Javni sektor - SKUPAJ";"Vi뚉e뚎lska, visoko뚎lska";"Mo뚊i";2011;2695
"246";"11 Javni sektor - SKUPAJ";"Vi뚉e뚎lska, visoko뚎lska";"Mo뚊i";2012;2635
"247";"11 Javni sektor - SKUPAJ";"Vi뚉e뚎lska, visoko뚎lska";"Mo뚊i";2013;2582
"248";"11 Javni sektor - SKUPAJ";"Vi뚉e뚎lska, visoko뚎lska";"Mo뚊i";2014;2593
"249";"11 Javni sektor - SKUPAJ";"Vi뚉e뚎lska, visoko뚎lska";"Mo뚊i";2015;2613
"250";"11 Javni sektor - SKUPAJ";"Vi뚉e뚎lska, visoko뚎lska";"Mo뚊i";2016;2642
"251";"11 Javni sektor - SKUPAJ";"Vi뚉e뚎lska, visoko뚎lska";"Mo뚊i";2017;2691
"252";"11 Javni sektor - SKUPAJ";"Vi뚉e뚎lska, visoko뚎lska";"Mo뚊i";2018;2753
"253";"11 Javni sektor - SKUPAJ";"Vi뚉e뚎lska, visoko뚎lska";"Mo뚊i";2019;2862
"254";"11 Javni sektor - SKUPAJ";"Vi뚉e뚎lska, visoko뚎lska";"꾠nske";2009;2200
"255";"11 Javni sektor - SKUPAJ";"Vi뚉e뚎lska, visoko뚎lska";"꾠nske";2010;2196
"256";"11 Javni sektor - SKUPAJ";"Vi뚉e뚎lska, visoko뚎lska";"꾠nske";2011;2196
"257";"11 Javni sektor - SKUPAJ";"Vi뚉e뚎lska, visoko뚎lska";"꾠nske";2012;2149
"258";"11 Javni sektor - SKUPAJ";"Vi뚉e뚎lska, visoko뚎lska";"꾠nske";2013;2095
"259";"11 Javni sektor - SKUPAJ";"Vi뚉e뚎lska, visoko뚎lska";"꾠nske";2014;2129
"260";"11 Javni sektor - SKUPAJ";"Vi뚉e뚎lska, visoko뚎lska";"꾠nske";2015;2123
"261";"11 Javni sektor - SKUPAJ";"Vi뚉e뚎lska, visoko뚎lska";"꾠nske";2016;2163
"262";"11 Javni sektor - SKUPAJ";"Vi뚉e뚎lska, visoko뚎lska";"꾠nske";2017;2202
"263";"11 Javni sektor - SKUPAJ";"Vi뚉e뚎lska, visoko뚎lska";"꾠nske";2018;2232
"264";"11 Javni sektor - SKUPAJ";"Vi뚉e뚎lska, visoko뚎lska";"꾠nske";2019;2326
"265";"111 Javni sektor - sektor dr료va";"Izobrazba - Skupaj";"Spol - SKUPAJ";2009;1876
"266";"111 Javni sektor - sektor dr료va";"Izobrazba - Skupaj";"Spol - SKUPAJ";2010;1877
"267";"111 Javni sektor - sektor dr료va";"Izobrazba - Skupaj";"Spol - SKUPAJ";2011;1886
"268";"111 Javni sektor - sektor dr료va";"Izobrazba - Skupaj";"Spol - SKUPAJ";2012;1840
"269";"111 Javni sektor - sektor dr료va";"Izobrazba - Skupaj";"Spol - SKUPAJ";2013;1809
"270";"111 Javni sektor - sektor dr료va";"Izobrazba - Skupaj";"Spol - SKUPAJ";2014;1845
"271";"111 Javni sektor - sektor dr료va";"Izobrazba - Skupaj";"Spol - SKUPAJ";2015;1840
"272";"111 Javni sektor - sektor dr료va";"Izobrazba - Skupaj";"Spol - SKUPAJ";2016;1903
"273";"111 Javni sektor - sektor dr료va";"Izobrazba - Skupaj";"Spol - SKUPAJ";2017;1959
"274";"111 Javni sektor - sektor dr료va";"Izobrazba - Skupaj";"Spol - SKUPAJ";2018;2003
"275";"111 Javni sektor - sektor dr료va";"Izobrazba - Skupaj";"Spol - SKUPAJ";2019;2129
"276";"111 Javni sektor - sektor dr료va";"Izobrazba - Skupaj";"Mo뚊i";2009;2100
"277";"111 Javni sektor - sektor dr료va";"Izobrazba - Skupaj";"Mo뚊i";2010;2083
"278";"111 Javni sektor - sektor dr료va";"Izobrazba - Skupaj";"Mo뚊i";2011;2078
"279";"111 Javni sektor - sektor dr료va";"Izobrazba - Skupaj";"Mo뚊i";2012;2003
"280";"111 Javni sektor - sektor dr료va";"Izobrazba - Skupaj";"Mo뚊i";2013;1982
"281";"111 Javni sektor - sektor dr료va";"Izobrazba - Skupaj";"Mo뚊i";2014;2000
"282";"111 Javni sektor - sektor dr료va";"Izobrazba - Skupaj";"Mo뚊i";2015;2010
"283";"111 Javni sektor - sektor dr료va";"Izobrazba - Skupaj";"Mo뚊i";2016;2096
"284";"111 Javni sektor - sektor dr료va";"Izobrazba - Skupaj";"Mo뚊i";2017;2155
"285";"111 Javni sektor - sektor dr료va";"Izobrazba - Skupaj";"Mo뚊i";2018;2216
"286";"111 Javni sektor - sektor dr료va";"Izobrazba - Skupaj";"Mo뚊i";2019;2379
"287";"111 Javni sektor - sektor dr료va";"Izobrazba - Skupaj";"꾠nske";2009;1773
"288";"111 Javni sektor - sektor dr료va";"Izobrazba - Skupaj";"꾠nske";2010;1782
"289";"111 Javni sektor - sektor dr료va";"Izobrazba - Skupaj";"꾠nske";2011;1796
"290";"111 Javni sektor - sektor dr료va";"Izobrazba - Skupaj";"꾠nske";2012;1763
"291";"111 Javni sektor - sektor dr료va";"Izobrazba - Skupaj";"꾠nske";2013;1735
"292";"111 Javni sektor - sektor dr료va";"Izobrazba - Skupaj";"꾠nske";2014;1771
"293";"111 Javni sektor - sektor dr료va";"Izobrazba - Skupaj";"꾠nske";2015;1765
"294";"111 Javni sektor - sektor dr료va";"Izobrazba - Skupaj";"꾠nske";2016;1818
"295";"111 Javni sektor - sektor dr료va";"Izobrazba - Skupaj";"꾠nske";2017;1870
"296";"111 Javni sektor - sektor dr료va";"Izobrazba - Skupaj";"꾠nske";2018;1907
"297";"111 Javni sektor - sektor dr료va";"Izobrazba - Skupaj";"꾠nske";2019;2018
"298";"111 Javni sektor - sektor dr료va";"Osnovno뚎lska ali manj";"Spol - SKUPAJ";2009;895
"299";"111 Javni sektor - sektor dr료va";"Osnovno뚎lska ali manj";"Spol - SKUPAJ";2010;900
"300";"111 Javni sektor - sektor dr료va";"Osnovno뚎lska ali manj";"Spol - SKUPAJ";2011;914
"301";"111 Javni sektor - sektor dr료va";"Osnovno뚎lska ali manj";"Spol - SKUPAJ";2012;928
"302";"111 Javni sektor - sektor dr료va";"Osnovno뚎lska ali manj";"Spol - SKUPAJ";2013;925
"303";"111 Javni sektor - sektor dr료va";"Osnovno뚎lska ali manj";"Spol - SKUPAJ";2014;950
"304";"111 Javni sektor - sektor dr료va";"Osnovno뚎lska ali manj";"Spol - SKUPAJ";2015;935
"305";"111 Javni sektor - sektor dr료va";"Osnovno뚎lska ali manj";"Spol - SKUPAJ";2016;931
"306";"111 Javni sektor - sektor dr료va";"Osnovno뚎lska ali manj";"Spol - SKUPAJ";2017;994
"307";"111 Javni sektor - sektor dr료va";"Osnovno뚎lska ali manj";"Spol - SKUPAJ";2018;1053
"308";"111 Javni sektor - sektor dr료va";"Osnovno뚎lska ali manj";"Spol - SKUPAJ";2019;1116
"309";"111 Javni sektor - sektor dr료va";"Osnovno뚎lska ali manj";"Mo뚊i";2009;1066
"310";"111 Javni sektor - sektor dr료va";"Osnovno뚎lska ali manj";"Mo뚊i";2010;1057
"311";"111 Javni sektor - sektor dr료va";"Osnovno뚎lska ali manj";"Mo뚊i";2011;1117
"312";"111 Javni sektor - sektor dr료va";"Osnovno뚎lska ali manj";"Mo뚊i";2012;1134
"313";"111 Javni sektor - sektor dr료va";"Osnovno뚎lska ali manj";"Mo뚊i";2013;1128
"314";"111 Javni sektor - sektor dr료va";"Osnovno뚎lska ali manj";"Mo뚊i";2014;1170
"315";"111 Javni sektor - sektor dr료va";"Osnovno뚎lska ali manj";"Mo뚊i";2015;1170
"316";"111 Javni sektor - sektor dr료va";"Osnovno뚎lska ali manj";"Mo뚊i";2016;1063
"317";"111 Javni sektor - sektor dr료va";"Osnovno뚎lska ali manj";"Mo뚊i";2017;1207
"318";"111 Javni sektor - sektor dr료va";"Osnovno뚎lska ali manj";"Mo뚊i";2018;1279
"319";"111 Javni sektor - sektor dr료va";"Osnovno뚎lska ali manj";"Mo뚊i";2019;1310
"320";"111 Javni sektor - sektor dr료va";"Osnovno뚎lska ali manj";"꾠nske";2009;873
"321";"111 Javni sektor - sektor dr료va";"Osnovno뚎lska ali manj";"꾠nske";2010;881
"322";"111 Javni sektor - sektor dr료va";"Osnovno뚎lska ali manj";"꾠nske";2011;887
"323";"111 Javni sektor - sektor dr료va";"Osnovno뚎lska ali manj";"꾠nske";2012;883
"324";"111 Javni sektor - sektor dr료va";"Osnovno뚎lska ali manj";"꾠nske";2013;882
"325";"111 Javni sektor - sektor dr료va";"Osnovno뚎lska ali manj";"꾠nske";2014;904
"326";"111 Javni sektor - sektor dr료va";"Osnovno뚎lska ali manj";"꾠nske";2015;888
"327";"111 Javni sektor - sektor dr료va";"Osnovno뚎lska ali manj";"꾠nske";2016;916
"328";"111 Javni sektor - sektor dr료va";"Osnovno뚎lska ali manj";"꾠nske";2017;955
"329";"111 Javni sektor - sektor dr료va";"Osnovno뚎lska ali manj";"꾠nske";2018;1012
"330";"111 Javni sektor - sektor dr료va";"Osnovno뚎lska ali manj";"꾠nske";2019;1080
"331";"111 Javni sektor - sektor dr료va";"Srednje뚎lska";"Spol - SKUPAJ";2009;1382
"332";"111 Javni sektor - sektor dr료va";"Srednje뚎lska";"Spol - SKUPAJ";2010;1366
"333";"111 Javni sektor - sektor dr료va";"Srednje뚎lska";"Spol - SKUPAJ";2011;1356
"334";"111 Javni sektor - sektor dr료va";"Srednje뚎lska";"Spol - SKUPAJ";2012;1338
"335";"111 Javni sektor - sektor dr료va";"Srednje뚎lska";"Spol - SKUPAJ";2013;1295
"336";"111 Javni sektor - sektor dr료va";"Srednje뚎lska";"Spol - SKUPAJ";2014;1347
"337";"111 Javni sektor - sektor dr료va";"Srednje뚎lska";"Spol - SKUPAJ";2015;1332
"338";"111 Javni sektor - sektor dr료va";"Srednje뚎lska";"Spol - SKUPAJ";2016;1361
"339";"111 Javni sektor - sektor dr료va";"Srednje뚎lska";"Spol - SKUPAJ";2017;1422
"340";"111 Javni sektor - sektor dr료va";"Srednje뚎lska";"Spol - SKUPAJ";2018;1477
"341";"111 Javni sektor - sektor dr료va";"Srednje뚎lska";"Spol - SKUPAJ";2019;1586
"342";"111 Javni sektor - sektor dr료va";"Srednje뚎lska";"Mo뚊i";2009;1491
"343";"111 Javni sektor - sektor dr료va";"Srednje뚎lska";"Mo뚊i";2010;1458
"344";"111 Javni sektor - sektor dr료va";"Srednje뚎lska";"Mo뚊i";2011;1453
"345";"111 Javni sektor - sektor dr료va";"Srednje뚎lska";"Mo뚊i";2012;1439
"346";"111 Javni sektor - sektor dr료va";"Srednje뚎lska";"Mo뚊i";2013;1375
"347";"111 Javni sektor - sektor dr료va";"Srednje뚎lska";"Mo뚊i";2014;1454
"348";"111 Javni sektor - sektor dr료va";"Srednje뚎lska";"Mo뚊i";2015;1462
"349";"111 Javni sektor - sektor dr료va";"Srednje뚎lska";"Mo뚊i";2016;1501
"350";"111 Javni sektor - sektor dr료va";"Srednje뚎lska";"Mo뚊i";2017;1582
"351";"111 Javni sektor - sektor dr료va";"Srednje뚎lska";"Mo뚊i";2018;1655
"352";"111 Javni sektor - sektor dr료va";"Srednje뚎lska";"Mo뚊i";2019;1818
"353";"111 Javni sektor - sektor dr료va";"Srednje뚎lska";"꾠nske";2009;1321
"354";"111 Javni sektor - sektor dr료va";"Srednje뚎lska";"꾠nske";2010;1312
"355";"111 Javni sektor - sektor dr료va";"Srednje뚎lska";"꾠nske";2011;1299
"356";"111 Javni sektor - sektor dr료va";"Srednje뚎lska";"꾠nske";2012;1275
"357";"111 Javni sektor - sektor dr료va";"Srednje뚎lska";"꾠nske";2013;1253
"358";"111 Javni sektor - sektor dr료va";"Srednje뚎lska";"꾠nske";2014;1280
"359";"111 Javni sektor - sektor dr료va";"Srednje뚎lska";"꾠nske";2015;1254
"360";"111 Javni sektor - sektor dr료va";"Srednje뚎lska";"꾠nske";2016;1282
"361";"111 Javni sektor - sektor dr료va";"Srednje뚎lska";"꾠nske";2017;1323
"362";"111 Javni sektor - sektor dr료va";"Srednje뚎lska";"꾠nske";2018;1368
"363";"111 Javni sektor - sektor dr료va";"Srednje뚎lska";"꾠nske";2019;1444
"364";"111 Javni sektor - sektor dr료va";"Vi뚉e뚎lska, visoko뚎lska";"Spol - SKUPAJ";2009;2321
"365";"111 Javni sektor - sektor dr료va";"Vi뚉e뚎lska, visoko뚎lska";"Spol - SKUPAJ";2010;2313
"366";"111 Javni sektor - sektor dr료va";"Vi뚉e뚎lska, visoko뚎lska";"Spol - SKUPAJ";2011;2297
"367";"111 Javni sektor - sektor dr료va";"Vi뚉e뚎lska, visoko뚎lska";"Spol - SKUPAJ";2012;2228
"368";"111 Javni sektor - sektor dr료va";"Vi뚉e뚎lska, visoko뚎lska";"Spol - SKUPAJ";2013;2167
"369";"111 Javni sektor - sektor dr료va";"Vi뚉e뚎lska, visoko뚎lska";"Spol - SKUPAJ";2014;2198
"370";"111 Javni sektor - sektor dr료va";"Vi뚉e뚎lska, visoko뚎lska";"Spol - SKUPAJ";2015;2188
"371";"111 Javni sektor - sektor dr료va";"Vi뚉e뚎lska, visoko뚎lska";"Spol - SKUPAJ";2016;2239
"372";"111 Javni sektor - sektor dr료va";"Vi뚉e뚎lska, visoko뚎lska";"Spol - SKUPAJ";2017;2289
"373";"111 Javni sektor - sektor dr료va";"Vi뚉e뚎lska, visoko뚎lska";"Spol - SKUPAJ";2018;2317
"374";"111 Javni sektor - sektor dr료va";"Vi뚉e뚎lska, visoko뚎lska";"Spol - SKUPAJ";2019;2434
"375";"111 Javni sektor - sektor dr료va";"Vi뚉e뚎lska, visoko뚎lska";"Mo뚊i";2009;2661
"376";"111 Javni sektor - sektor dr료va";"Vi뚉e뚎lska, visoko뚎lska";"Mo뚊i";2010;2641
"377";"111 Javni sektor - sektor dr료va";"Vi뚉e뚎lska, visoko뚎lska";"Mo뚊i";2011;2602
"378";"111 Javni sektor - sektor dr료va";"Vi뚉e뚎lska, visoko뚎lska";"Mo뚊i";2012;2510
"379";"111 Javni sektor - sektor dr료va";"Vi뚉e뚎lska, visoko뚎lska";"Mo뚊i";2013;2451
"380";"111 Javni sektor - sektor dr료va";"Vi뚉e뚎lska, visoko뚎lska";"Mo뚊i";2014;2455
"381";"111 Javni sektor - sektor dr료va";"Vi뚉e뚎lska, visoko뚎lska";"Mo뚊i";2015;2464
"382";"111 Javni sektor - sektor dr료va";"Vi뚉e뚎lska, visoko뚎lska";"Mo뚊i";2016;2512
"383";"111 Javni sektor - sektor dr료va";"Vi뚉e뚎lska, visoko뚎lska";"Mo뚊i";2017;2577
"384";"111 Javni sektor - sektor dr료va";"Vi뚉e뚎lska, visoko뚎lska";"Mo뚊i";2018;2619
"385";"111 Javni sektor - sektor dr료va";"Vi뚉e뚎lska, visoko뚎lska";"Mo뚊i";2019;2766
"386";"111 Javni sektor - sektor dr료va";"Vi뚉e뚎lska, visoko뚎lska";"꾠nske";2009;2175
"387";"111 Javni sektor - sektor dr료va";"Vi뚉e뚎lska, visoko뚎lska";"꾠nske";2010;2173
"388";"111 Javni sektor - sektor dr료va";"Vi뚉e뚎lska, visoko뚎lska";"꾠nske";2011;2167
"389";"111 Javni sektor - sektor dr료va";"Vi뚉e뚎lska, visoko뚎lska";"꾠nske";2012;2112
"390";"111 Javni sektor - sektor dr료va";"Vi뚉e뚎lska, visoko뚎lska";"꾠nske";2013;2057
"391";"111 Javni sektor - sektor dr료va";"Vi뚉e뚎lska, visoko뚎lska";"꾠nske";2014;2092
"392";"111 Javni sektor - sektor dr료va";"Vi뚉e뚎lska, visoko뚎lska";"꾠nske";2015;2082
"393";"111 Javni sektor - sektor dr료va";"Vi뚉e뚎lska, visoko뚎lska";"꾠nske";2016;2131
"394";"111 Javni sektor - sektor dr료va";"Vi뚉e뚎lska, visoko뚎lska";"꾠nske";2017;2174
"395";"111 Javni sektor - sektor dr료va";"Vi뚉e뚎lska, visoko뚎lska";"꾠nske";2018;2197
"396";"111 Javni sektor - sektor dr료va";"Vi뚉e뚎lska, visoko뚎lska";"꾠nske";2019;2304
"397";"112 Javni sektor - javne dru룍e";"Izobrazba - Skupaj";"Spol - SKUPAJ";2009;1698
"398";"112 Javni sektor - javne dru룍e";"Izobrazba - Skupaj";"Spol - SKUPAJ";2010;1720
"399";"112 Javni sektor - javne dru룍e";"Izobrazba - Skupaj";"Spol - SKUPAJ";2011;1832
"400";"112 Javni sektor - javne dru룍e";"Izobrazba - Skupaj";"Spol - SKUPAJ";2012;1850
"401";"112 Javni sektor - javne dru룍e";"Izobrazba - Skupaj";"Spol - SKUPAJ";2013;1854
"402";"112 Javni sektor - javne dru룍e";"Izobrazba - Skupaj";"Spol - SKUPAJ";2014;1905
"403";"112 Javni sektor - javne dru룍e";"Izobrazba - Skupaj";"Spol - SKUPAJ";2015;1902
"404";"112 Javni sektor - javne dru룍e";"Izobrazba - Skupaj";"Spol - SKUPAJ";2016;1923
"405";"112 Javni sektor - javne dru룍e";"Izobrazba - Skupaj";"Spol - SKUPAJ";2017;1961
"406";"112 Javni sektor - javne dru룍e";"Izobrazba - Skupaj";"Spol - SKUPAJ";2018;2048
"407";"112 Javni sektor - javne dru룍e";"Izobrazba - Skupaj";"Spol - SKUPAJ";2019;2072
"408";"112 Javni sektor - javne dru룍e";"Izobrazba - Skupaj";"Mo뚊i";2009;1752
"409";"112 Javni sektor - javne dru룍e";"Izobrazba - Skupaj";"Mo뚊i";2010;1776
"410";"112 Javni sektor - javne dru룍e";"Izobrazba - Skupaj";"Mo뚊i";2011;1932
"411";"112 Javni sektor - javne dru룍e";"Izobrazba - Skupaj";"Mo뚊i";2012;1943
"412";"112 Javni sektor - javne dru룍e";"Izobrazba - Skupaj";"Mo뚊i";2013;1946
"413";"112 Javni sektor - javne dru룍e";"Izobrazba - Skupaj";"Mo뚊i";2014;2007
"414";"112 Javni sektor - javne dru룍e";"Izobrazba - Skupaj";"Mo뚊i";2015;2006
"415";"112 Javni sektor - javne dru룍e";"Izobrazba - Skupaj";"Mo뚊i";2016;2040
"416";"112 Javni sektor - javne dru룍e";"Izobrazba - Skupaj";"Mo뚊i";2017;2082
"417";"112 Javni sektor - javne dru룍e";"Izobrazba - Skupaj";"Mo뚊i";2018;2176
"418";"112 Javni sektor - javne dru룍e";"Izobrazba - Skupaj";"Mo뚊i";2019;2198
"419";"112 Javni sektor - javne dru룍e";"Izobrazba - Skupaj";"꾠nske";2009;1613
"420";"112 Javni sektor - javne dru룍e";"Izobrazba - Skupaj";"꾠nske";2010;1632
"421";"112 Javni sektor - javne dru룍e";"Izobrazba - Skupaj";"꾠nske";2011;1701
"422";"112 Javni sektor - javne dru룍e";"Izobrazba - Skupaj";"꾠nske";2012;1722
"423";"112 Javni sektor - javne dru룍e";"Izobrazba - Skupaj";"꾠nske";2013;1719
"424";"112 Javni sektor - javne dru룍e";"Izobrazba - Skupaj";"꾠nske";2014;1759
"425";"112 Javni sektor - javne dru룍e";"Izobrazba - Skupaj";"꾠nske";2015;1748
"426";"112 Javni sektor - javne dru룍e";"Izobrazba - Skupaj";"꾠nske";2016;1757
"427";"112 Javni sektor - javne dru룍e";"Izobrazba - Skupaj";"꾠nske";2017;1790
"428";"112 Javni sektor - javne dru룍e";"Izobrazba - Skupaj";"꾠nske";2018;1864
"429";"112 Javni sektor - javne dru룍e";"Izobrazba - Skupaj";"꾠nske";2019;1883
"430";"112 Javni sektor - javne dru룍e";"Osnovno뚎lska ali manj";"Spol - SKUPAJ";2009;1060
"431";"112 Javni sektor - javne dru룍e";"Osnovno뚎lska ali manj";"Spol - SKUPAJ";2010;1088
"432";"112 Javni sektor - javne dru룍e";"Osnovno뚎lska ali manj";"Spol - SKUPAJ";2011;1113
"433";"112 Javni sektor - javne dru룍e";"Osnovno뚎lska ali manj";"Spol - SKUPAJ";2012;1139
"434";"112 Javni sektor - javne dru룍e";"Osnovno뚎lska ali manj";"Spol - SKUPAJ";2013;1156
"435";"112 Javni sektor - javne dru룍e";"Osnovno뚎lska ali manj";"Spol - SKUPAJ";2014;1191
"436";"112 Javni sektor - javne dru룍e";"Osnovno뚎lska ali manj";"Spol - SKUPAJ";2015;1181
"437";"112 Javni sektor - javne dru룍e";"Osnovno뚎lska ali manj";"Spol - SKUPAJ";2016;1198
"438";"112 Javni sektor - javne dru룍e";"Osnovno뚎lska ali manj";"Spol - SKUPAJ";2017;1253
"439";"112 Javni sektor - javne dru룍e";"Osnovno뚎lska ali manj";"Spol - SKUPAJ";2018;1314
"440";"112 Javni sektor - javne dru룍e";"Osnovno뚎lska ali manj";"Spol - SKUPAJ";2019;1351
"441";"112 Javni sektor - javne dru룍e";"Osnovno뚎lska ali manj";"Mo뚊i";2009;1131
"442";"112 Javni sektor - javne dru룍e";"Osnovno뚎lska ali manj";"Mo뚊i";2010;1162
"443";"112 Javni sektor - javne dru룍e";"Osnovno뚎lska ali manj";"Mo뚊i";2011;1212
"444";"112 Javni sektor - javne dru룍e";"Osnovno뚎lska ali manj";"Mo뚊i";2012;1246
"445";"112 Javni sektor - javne dru룍e";"Osnovno뚎lska ali manj";"Mo뚊i";2013;1260
"446";"112 Javni sektor - javne dru룍e";"Osnovno뚎lska ali manj";"Mo뚊i";2014;1299
"447";"112 Javni sektor - javne dru룍e";"Osnovno뚎lska ali manj";"Mo뚊i";2015;1305
"448";"112 Javni sektor - javne dru룍e";"Osnovno뚎lska ali manj";"Mo뚊i";2016;1324
"449";"112 Javni sektor - javne dru룍e";"Osnovno뚎lska ali manj";"Mo뚊i";2017;1381
"450";"112 Javni sektor - javne dru룍e";"Osnovno뚎lska ali manj";"Mo뚊i";2018;1446
"451";"112 Javni sektor - javne dru룍e";"Osnovno뚎lska ali manj";"Mo뚊i";2019;1487
"452";"112 Javni sektor - javne dru룍e";"Osnovno뚎lska ali manj";"꾠nske";2009;926
"453";"112 Javni sektor - javne dru룍e";"Osnovno뚎lska ali manj";"꾠nske";2010;949
"454";"112 Javni sektor - javne dru룍e";"Osnovno뚎lska ali manj";"꾠nske";2011;975
"455";"112 Javni sektor - javne dru룍e";"Osnovno뚎lska ali manj";"꾠nske";2012;979
"456";"112 Javni sektor - javne dru룍e";"Osnovno뚎lska ali manj";"꾠nske";2013;992
"457";"112 Javni sektor - javne dru룍e";"Osnovno뚎lska ali manj";"꾠nske";2014;1021
"458";"112 Javni sektor - javne dru룍e";"Osnovno뚎lska ali manj";"꾠nske";2015;992
"459";"112 Javni sektor - javne dru룍e";"Osnovno뚎lska ali manj";"꾠nske";2016;1011
"460";"112 Javni sektor - javne dru룍e";"Osnovno뚎lska ali manj";"꾠nske";2017;1055
"461";"112 Javni sektor - javne dru룍e";"Osnovno뚎lska ali manj";"꾠nske";2018;1111
"462";"112 Javni sektor - javne dru룍e";"Osnovno뚎lska ali manj";"꾠nske";2019;1156
"463";"112 Javni sektor - javne dru룍e";"Srednje뚎lska";"Spol - SKUPAJ";2009;1464
"464";"112 Javni sektor - javne dru룍e";"Srednje뚎lska";"Spol - SKUPAJ";2010;1476
"465";"112 Javni sektor - javne dru룍e";"Srednje뚎lska";"Spol - SKUPAJ";2011;1529
"466";"112 Javni sektor - javne dru룍e";"Srednje뚎lska";"Spol - SKUPAJ";2012;1544
"467";"112 Javni sektor - javne dru룍e";"Srednje뚎lska";"Spol - SKUPAJ";2013;1557
"468";"112 Javni sektor - javne dru룍e";"Srednje뚎lska";"Spol - SKUPAJ";2014;1595
"469";"112 Javni sektor - javne dru룍e";"Srednje뚎lska";"Spol - SKUPAJ";2015;1583
"470";"112 Javni sektor - javne dru룍e";"Srednje뚎lska";"Spol - SKUPAJ";2016;1595
"471";"112 Javni sektor - javne dru룍e";"Srednje뚎lska";"Spol - SKUPAJ";2017;1621
"472";"112 Javni sektor - javne dru룍e";"Srednje뚎lska";"Spol - SKUPAJ";2018;1691
"473";"112 Javni sektor - javne dru룍e";"Srednje뚎lska";"Spol - SKUPAJ";2019;1724
"474";"112 Javni sektor - javne dru룍e";"Srednje뚎lska";"Mo뚊i";2009;1524
"475";"112 Javni sektor - javne dru룍e";"Srednje뚎lska";"Mo뚊i";2010;1542
"476";"112 Javni sektor - javne dru룍e";"Srednje뚎lska";"Mo뚊i";2011;1625
"477";"112 Javni sektor - javne dru룍e";"Srednje뚎lska";"Mo뚊i";2012;1635
"478";"112 Javni sektor - javne dru룍e";"Srednje뚎lska";"Mo뚊i";2013;1650
"479";"112 Javni sektor - javne dru룍e";"Srednje뚎lska";"Mo뚊i";2014;1699
"480";"112 Javni sektor - javne dru룍e";"Srednje뚎lska";"Mo뚊i";2015;1690
"481";"112 Javni sektor - javne dru룍e";"Srednje뚎lska";"Mo뚊i";2016;1714
"482";"112 Javni sektor - javne dru룍e";"Srednje뚎lska";"Mo뚊i";2017;1749
"483";"112 Javni sektor - javne dru룍e";"Srednje뚎lska";"Mo뚊i";2018;1822
"484";"112 Javni sektor - javne dru룍e";"Srednje뚎lska";"Mo뚊i";2019;1852
"485";"112 Javni sektor - javne dru룍e";"Srednje뚎lska";"꾠nske";2009;1352
"486";"112 Javni sektor - javne dru룍e";"Srednje뚎lska";"꾠nske";2010;1354
"487";"112 Javni sektor - javne dru룍e";"Srednje뚎lska";"꾠nske";2011;1382
"488";"112 Javni sektor - javne dru룍e";"Srednje뚎lska";"꾠nske";2012;1390
"489";"112 Javni sektor - javne dru룍e";"Srednje뚎lska";"꾠nske";2013;1391
"490";"112 Javni sektor - javne dru룍e";"Srednje뚎lska";"꾠nske";2014;1410
"491";"112 Javni sektor - javne dru룍e";"Srednje뚎lska";"꾠nske";2015;1388
"492";"112 Javni sektor - javne dru룍e";"Srednje뚎lska";"꾠nske";2016;1385
"493";"112 Javni sektor - javne dru룍e";"Srednje뚎lska";"꾠nske";2017;1395
"494";"112 Javni sektor - javne dru룍e";"Srednje뚎lska";"꾠nske";2018;1454
"495";"112 Javni sektor - javne dru룍e";"Srednje뚎lska";"꾠nske";2019;1480
"496";"112 Javni sektor - javne dru룍e";"Vi뚉e뚎lska, visoko뚎lska";"Spol - SKUPAJ";2009;2656
"497";"112 Javni sektor - javne dru룍e";"Vi뚉e뚎lska, visoko뚎lska";"Spol - SKUPAJ";2010;2612
"498";"112 Javni sektor - javne dru룍e";"Vi뚉e뚎lska, visoko뚎lska";"Spol - SKUPAJ";2011;2655
"499";"112 Javni sektor - javne dru룍e";"Vi뚉e뚎lska, visoko뚎lska";"Spol - SKUPAJ";2012;2642
"500";"112 Javni sektor - javne dru룍e";"Vi뚉e뚎lska, visoko뚎lska";"Spol - SKUPAJ";2013;2607
"501";"112 Javni sektor - javne dru룍e";"Vi뚉e뚎lska, visoko뚎lska";"Spol - SKUPAJ";2014;2643
"502";"112 Javni sektor - javne dru룍e";"Vi뚉e뚎lska, visoko뚎lska";"Spol - SKUPAJ";2015;2665
"503";"112 Javni sektor - javne dru룍e";"Vi뚉e뚎lska, visoko뚎lska";"Spol - SKUPAJ";2016;2677
"504";"112 Javni sektor - javne dru룍e";"Vi뚉e뚎lska, visoko뚎lska";"Spol - SKUPAJ";2017;2691
"505";"112 Javni sektor - javne dru룍e";"Vi뚉e뚎lska, visoko뚎lska";"Spol - SKUPAJ";2018;2770
"506";"112 Javni sektor - javne dru룍e";"Vi뚉e뚎lska, visoko뚎lska";"Spol - SKUPAJ";2019;2812
"507";"112 Javni sektor - javne dru룍e";"Vi뚉e뚎lska, visoko뚎lska";"Mo뚊i";2009;2958
"508";"112 Javni sektor - javne dru룍e";"Vi뚉e뚎lska, visoko뚎lska";"Mo뚊i";2010;2888
"509";"112 Javni sektor - javne dru룍e";"Vi뚉e뚎lska, visoko뚎lska";"Mo뚊i";2011;2949
"510";"112 Javni sektor - javne dru룍e";"Vi뚉e뚎lska, visoko뚎lska";"Mo뚊i";2012;2934
"511";"112 Javni sektor - javne dru룍e";"Vi뚉e뚎lska, visoko뚎lska";"Mo뚊i";2013;2884
"512";"112 Javni sektor - javne dru룍e";"Vi뚉e뚎lska, visoko뚎lska";"Mo뚊i";2014;2938
"513";"112 Javni sektor - javne dru룍e";"Vi뚉e뚎lska, visoko뚎lska";"Mo뚊i";2015;2952
"514";"112 Javni sektor - javne dru룍e";"Vi뚉e뚎lska, visoko뚎lska";"Mo뚊i";2016;2981
"515";"112 Javni sektor - javne dru룍e";"Vi뚉e뚎lska, visoko뚎lska";"Mo뚊i";2017;3002
"516";"112 Javni sektor - javne dru룍e";"Vi뚉e뚎lska, visoko뚎lska";"Mo뚊i";2018;3092
"517";"112 Javni sektor - javne dru룍e";"Vi뚉e뚎lska, visoko뚎lska";"Mo뚊i";2019;3126
"518";"112 Javni sektor - javne dru룍e";"Vi뚉e뚎lska, visoko뚎lska";"꾠nske";2009;2353
"519";"112 Javni sektor - javne dru룍e";"Vi뚉e뚎lska, visoko뚎lska";"꾠nske";2010;2335
"520";"112 Javni sektor - javne dru룍e";"Vi뚉e뚎lska, visoko뚎lska";"꾠nske";2011;2374
"521";"112 Javni sektor - javne dru룍e";"Vi뚉e뚎lska, visoko뚎lska";"꾠nske";2012;2358
"522";"112 Javni sektor - javne dru룍e";"Vi뚉e뚎lska, visoko뚎lska";"꾠nske";2013;2327
"523";"112 Javni sektor - javne dru룍e";"Vi뚉e뚎lska, visoko뚎lska";"꾠nske";2014;2352
"524";"112 Javni sektor - javne dru룍e";"Vi뚉e뚎lska, visoko뚎lska";"꾠nske";2015;2372
"525";"112 Javni sektor - javne dru룍e";"Vi뚉e뚎lska, visoko뚎lska";"꾠nske";2016;2376
"526";"112 Javni sektor - javne dru룍e";"Vi뚉e뚎lska, visoko뚎lska";"꾠nske";2017;2390
"527";"112 Javni sektor - javne dru룍e";"Vi뚉e뚎lska, visoko뚎lska";"꾠nske";2018;2453
"528";"112 Javni sektor - javne dru룍e";"Vi뚉e뚎lska, visoko뚎lska";"꾠nske";2019;2488
"529";"12 Zasebni sektor - SKUPAJ";"Izobrazba - Skupaj";"Spol - SKUPAJ";2009;1304
"530";"12 Zasebni sektor - SKUPAJ";"Izobrazba - Skupaj";"Spol - SKUPAJ";2010;1383
"531";"12 Zasebni sektor - SKUPAJ";"Izobrazba - Skupaj";"Spol - SKUPAJ";2011;1430
"532";"12 Zasebni sektor - SKUPAJ";"Izobrazba - Skupaj";"Spol - SKUPAJ";2012;1462
"533";"12 Zasebni sektor - SKUPAJ";"Izobrazba - Skupaj";"Spol - SKUPAJ";2013;1472
"534";"12 Zasebni sektor - SKUPAJ";"Izobrazba - Skupaj";"Spol - SKUPAJ";2014;1506
"535";"12 Zasebni sektor - SKUPAJ";"Izobrazba - Skupaj";"Spol - SKUPAJ";2015;1536
"536";"12 Zasebni sektor - SKUPAJ";"Izobrazba - Skupaj";"Spol - SKUPAJ";2016;1562
"537";"12 Zasebni sektor - SKUPAJ";"Izobrazba - Skupaj";"Spol - SKUPAJ";2017;1592
"538";"12 Zasebni sektor - SKUPAJ";"Izobrazba - Skupaj";"Spol - SKUPAJ";2018;1654
"539";"12 Zasebni sektor - SKUPAJ";"Izobrazba - Skupaj";"Spol - SKUPAJ";2019;1719
"540";"12 Zasebni sektor - SKUPAJ";"Izobrazba - Skupaj";"Mo뚊i";2009;1350
"541";"12 Zasebni sektor - SKUPAJ";"Izobrazba - Skupaj";"Mo뚊i";2010;1432
"542";"12 Zasebni sektor - SKUPAJ";"Izobrazba - Skupaj";"Mo뚊i";2011;1482
"543";"12 Zasebni sektor - SKUPAJ";"Izobrazba - Skupaj";"Mo뚊i";2012;1513
"544";"12 Zasebni sektor - SKUPAJ";"Izobrazba - Skupaj";"Mo뚊i";2013;1523
"545";"12 Zasebni sektor - SKUPAJ";"Izobrazba - Skupaj";"Mo뚊i";2014;1556
"546";"12 Zasebni sektor - SKUPAJ";"Izobrazba - Skupaj";"Mo뚊i";2015;1588
"547";"12 Zasebni sektor - SKUPAJ";"Izobrazba - Skupaj";"Mo뚊i";2016;1616
"548";"12 Zasebni sektor - SKUPAJ";"Izobrazba - Skupaj";"Mo뚊i";2017;1650
"549";"12 Zasebni sektor - SKUPAJ";"Izobrazba - Skupaj";"Mo뚊i";2018;1719
"550";"12 Zasebni sektor - SKUPAJ";"Izobrazba - Skupaj";"Mo뚊i";2019;1776
"551";"12 Zasebni sektor - SKUPAJ";"Izobrazba - Skupaj";"꾠nske";2009;1227
"552";"12 Zasebni sektor - SKUPAJ";"Izobrazba - Skupaj";"꾠nske";2010;1302
"553";"12 Zasebni sektor - SKUPAJ";"Izobrazba - Skupaj";"꾠nske";2011;1344
"554";"12 Zasebni sektor - SKUPAJ";"Izobrazba - Skupaj";"꾠nske";2012;1380
"555";"12 Zasebni sektor - SKUPAJ";"Izobrazba - Skupaj";"꾠nske";2013;1391
"556";"12 Zasebni sektor - SKUPAJ";"Izobrazba - Skupaj";"꾠nske";2014;1424
"557";"12 Zasebni sektor - SKUPAJ";"Izobrazba - Skupaj";"꾠nske";2015;1451
"558";"12 Zasebni sektor - SKUPAJ";"Izobrazba - Skupaj";"꾠nske";2016;1473
"559";"12 Zasebni sektor - SKUPAJ";"Izobrazba - Skupaj";"꾠nske";2017;1497
"560";"12 Zasebni sektor - SKUPAJ";"Izobrazba - Skupaj";"꾠nske";2018;1548
"561";"12 Zasebni sektor - SKUPAJ";"Izobrazba - Skupaj";"꾠nske";2019;1622
"562";"12 Zasebni sektor - SKUPAJ";"Osnovno뚎lska ali manj";"Spol - SKUPAJ";2009;873
"563";"12 Zasebni sektor - SKUPAJ";"Osnovno뚎lska ali manj";"Spol - SKUPAJ";2010;939
"564";"12 Zasebni sektor - SKUPAJ";"Osnovno뚎lska ali manj";"Spol - SKUPAJ";2011;989
"565";"12 Zasebni sektor - SKUPAJ";"Osnovno뚎lska ali manj";"Spol - SKUPAJ";2012;1020
"566";"12 Zasebni sektor - SKUPAJ";"Osnovno뚎lska ali manj";"Spol - SKUPAJ";2013;1037
"567";"12 Zasebni sektor - SKUPAJ";"Osnovno뚎lska ali manj";"Spol - SKUPAJ";2014;1068
"568";"12 Zasebni sektor - SKUPAJ";"Osnovno뚎lska ali manj";"Spol - SKUPAJ";2015;1094
"569";"12 Zasebni sektor - SKUPAJ";"Osnovno뚎lska ali manj";"Spol - SKUPAJ";2016;1112
"570";"12 Zasebni sektor - SKUPAJ";"Osnovno뚎lska ali manj";"Spol - SKUPAJ";2017;1139
"571";"12 Zasebni sektor - SKUPAJ";"Osnovno뚎lska ali manj";"Spol - SKUPAJ";2018;1197
"572";"12 Zasebni sektor - SKUPAJ";"Osnovno뚎lska ali manj";"Spol - SKUPAJ";2019;1240
"573";"12 Zasebni sektor - SKUPAJ";"Osnovno뚎lska ali manj";"Mo뚊i";2009;912
"574";"12 Zasebni sektor - SKUPAJ";"Osnovno뚎lska ali manj";"Mo뚊i";2010;981
"575";"12 Zasebni sektor - SKUPAJ";"Osnovno뚎lska ali manj";"Mo뚊i";2011;1035
"576";"12 Zasebni sektor - SKUPAJ";"Osnovno뚎lska ali manj";"Mo뚊i";2012;1068
"577";"12 Zasebni sektor - SKUPAJ";"Osnovno뚎lska ali manj";"Mo뚊i";2013;1089
"578";"12 Zasebni sektor - SKUPAJ";"Osnovno뚎lska ali manj";"Mo뚊i";2014;1123
"579";"12 Zasebni sektor - SKUPAJ";"Osnovno뚎lska ali manj";"Mo뚊i";2015;1153
"580";"12 Zasebni sektor - SKUPAJ";"Osnovno뚎lska ali manj";"Mo뚊i";2016;1176
"581";"12 Zasebni sektor - SKUPAJ";"Osnovno뚎lska ali manj";"Mo뚊i";2017;1207
"582";"12 Zasebni sektor - SKUPAJ";"Osnovno뚎lska ali manj";"Mo뚊i";2018;1268
"583";"12 Zasebni sektor - SKUPAJ";"Osnovno뚎lska ali manj";"Mo뚊i";2019;1308
"584";"12 Zasebni sektor - SKUPAJ";"Osnovno뚎lska ali manj";"꾠nske";2009;798
"585";"12 Zasebni sektor - SKUPAJ";"Osnovno뚎lska ali manj";"꾠nske";2010;861
"586";"12 Zasebni sektor - SKUPAJ";"Osnovno뚎lska ali manj";"꾠nske";2011;907
"587";"12 Zasebni sektor - SKUPAJ";"Osnovno뚎lska ali manj";"꾠nske";2012;934
"588";"12 Zasebni sektor - SKUPAJ";"Osnovno뚎lska ali manj";"꾠nske";2013;950
"589";"12 Zasebni sektor - SKUPAJ";"Osnovno뚎lska ali manj";"꾠nske";2014;974
"590";"12 Zasebni sektor - SKUPAJ";"Osnovno뚎lska ali manj";"꾠nske";2015;995
"591";"12 Zasebni sektor - SKUPAJ";"Osnovno뚎lska ali manj";"꾠nske";2016;1004
"592";"12 Zasebni sektor - SKUPAJ";"Osnovno뚎lska ali manj";"꾠nske";2017;1027
"593";"12 Zasebni sektor - SKUPAJ";"Osnovno뚎lska ali manj";"꾠nske";2018;1077
"594";"12 Zasebni sektor - SKUPAJ";"Osnovno뚎lska ali manj";"꾠nske";2019;1118
"595";"12 Zasebni sektor - SKUPAJ";"Srednje뚎lska";"Spol - SKUPAJ";2009;1144
"596";"12 Zasebni sektor - SKUPAJ";"Srednje뚎lska";"Spol - SKUPAJ";2010;1205
"597";"12 Zasebni sektor - SKUPAJ";"Srednje뚎lska";"Spol - SKUPAJ";2011;1237
"598";"12 Zasebni sektor - SKUPAJ";"Srednje뚎lska";"Spol - SKUPAJ";2012;1253
"599";"12 Zasebni sektor - SKUPAJ";"Srednje뚎lska";"Spol - SKUPAJ";2013;1262
"600";"12 Zasebni sektor - SKUPAJ";"Srednje뚎lska";"Spol - SKUPAJ";2014;1290
"601";"12 Zasebni sektor - SKUPAJ";"Srednje뚎lska";"Spol - SKUPAJ";2015;1312
"602";"12 Zasebni sektor - SKUPAJ";"Srednje뚎lska";"Spol - SKUPAJ";2016;1332
"603";"12 Zasebni sektor - SKUPAJ";"Srednje뚎lska";"Spol - SKUPAJ";2017;1351
"604";"12 Zasebni sektor - SKUPAJ";"Srednje뚎lska";"Spol - SKUPAJ";2018;1408
"605";"12 Zasebni sektor - SKUPAJ";"Srednje뚎lska";"Spol - SKUPAJ";2019;1463
"606";"12 Zasebni sektor - SKUPAJ";"Srednje뚎lska";"Mo뚊i";2009;1193
"607";"12 Zasebni sektor - SKUPAJ";"Srednje뚎lska";"Mo뚊i";2010;1258
"608";"12 Zasebni sektor - SKUPAJ";"Srednje뚎lska";"Mo뚊i";2011;1293
"609";"12 Zasebni sektor - SKUPAJ";"Srednje뚎lska";"Mo뚊i";2012;1309
"610";"12 Zasebni sektor - SKUPAJ";"Srednje뚎lska";"Mo뚊i";2013;1317
"611";"12 Zasebni sektor - SKUPAJ";"Srednje뚎lska";"Mo뚊i";2014;1347
"612";"12 Zasebni sektor - SKUPAJ";"Srednje뚎lska";"Mo뚊i";2015;1370
"613";"12 Zasebni sektor - SKUPAJ";"Srednje뚎lska";"Mo뚊i";2016;1392
"614";"12 Zasebni sektor - SKUPAJ";"Srednje뚎lska";"Mo뚊i";2017;1414
"615";"12 Zasebni sektor - SKUPAJ";"Srednje뚎lska";"Mo뚊i";2018;1478
"616";"12 Zasebni sektor - SKUPAJ";"Srednje뚎lska";"Mo뚊i";2019;1531
"617";"12 Zasebni sektor - SKUPAJ";"Srednje뚎lska";"꾠nske";2009;1057
"618";"12 Zasebni sektor - SKUPAJ";"Srednje뚎lska";"꾠nske";2010;1112
"619";"12 Zasebni sektor - SKUPAJ";"Srednje뚎lska";"꾠nske";2011;1138
"620";"12 Zasebni sektor - SKUPAJ";"Srednje뚎lska";"꾠nske";2012;1153
"621";"12 Zasebni sektor - SKUPAJ";"Srednje뚎lska";"꾠nske";2013;1162
"622";"12 Zasebni sektor - SKUPAJ";"Srednje뚎lska";"꾠nske";2014;1184
"623";"12 Zasebni sektor - SKUPAJ";"Srednje뚎lska";"꾠nske";2015;1199
"624";"12 Zasebni sektor - SKUPAJ";"Srednje뚎lska";"꾠nske";2016;1215
"625";"12 Zasebni sektor - SKUPAJ";"Srednje뚎lska";"꾠nske";2017;1225
"626";"12 Zasebni sektor - SKUPAJ";"Srednje뚎lska";"꾠nske";2018;1271
"627";"12 Zasebni sektor - SKUPAJ";"Srednje뚎lska";"꾠nske";2019;1323
"628";"12 Zasebni sektor - SKUPAJ";"Vi뚉e뚎lska, visoko뚎lska";"Spol - SKUPAJ";2009;2334
"629";"12 Zasebni sektor - SKUPAJ";"Vi뚉e뚎lska, visoko뚎lska";"Spol - SKUPAJ";2010;2383
"630";"12 Zasebni sektor - SKUPAJ";"Vi뚉e뚎lska, visoko뚎lska";"Spol - SKUPAJ";2011;2392
"631";"12 Zasebni sektor - SKUPAJ";"Vi뚉e뚎lska, visoko뚎lska";"Spol - SKUPAJ";2012;2396
"632";"12 Zasebni sektor - SKUPAJ";"Vi뚉e뚎lska, visoko뚎lska";"Spol - SKUPAJ";2013;2342
"633";"12 Zasebni sektor - SKUPAJ";"Vi뚉e뚎lska, visoko뚎lska";"Spol - SKUPAJ";2014;2347
"634";"12 Zasebni sektor - SKUPAJ";"Vi뚉e뚎lska, visoko뚎lska";"Spol - SKUPAJ";2015;2352
"635";"12 Zasebni sektor - SKUPAJ";"Vi뚉e뚎lska, visoko뚎lska";"Spol - SKUPAJ";2016;2354
"636";"12 Zasebni sektor - SKUPAJ";"Vi뚉e뚎lska, visoko뚎lska";"Spol - SKUPAJ";2017;2352
"637";"12 Zasebni sektor - SKUPAJ";"Vi뚉e뚎lska, visoko뚎lska";"Spol - SKUPAJ";2018;2401
"638";"12 Zasebni sektor - SKUPAJ";"Vi뚉e뚎lska, visoko뚎lska";"Spol - SKUPAJ";2019;2477
"639";"12 Zasebni sektor - SKUPAJ";"Vi뚉e뚎lska, visoko뚎lska";"Mo뚊i";2009;2586
"640";"12 Zasebni sektor - SKUPAJ";"Vi뚉e뚎lska, visoko뚎lska";"Mo뚊i";2010;2621
"641";"12 Zasebni sektor - SKUPAJ";"Vi뚉e뚎lska, visoko뚎lska";"Mo뚊i";2011;2626
"642";"12 Zasebni sektor - SKUPAJ";"Vi뚉e뚎lska, visoko뚎lska";"Mo뚊i";2012;2630
"643";"12 Zasebni sektor - SKUPAJ";"Vi뚉e뚎lska, visoko뚎lska";"Mo뚊i";2013;2557
"644";"12 Zasebni sektor - SKUPAJ";"Vi뚉e뚎lska, visoko뚎lska";"Mo뚊i";2014;2549
"645";"12 Zasebni sektor - SKUPAJ";"Vi뚉e뚎lska, visoko뚎lska";"Mo뚊i";2015;2555
"646";"12 Zasebni sektor - SKUPAJ";"Vi뚉e뚎lska, visoko뚎lska";"Mo뚊i";2016;2563
"647";"12 Zasebni sektor - SKUPAJ";"Vi뚉e뚎lska, visoko뚎lska";"Mo뚊i";2017;2563
"648";"12 Zasebni sektor - SKUPAJ";"Vi뚉e뚎lska, visoko뚎lska";"Mo뚊i";2018;2632
"649";"12 Zasebni sektor - SKUPAJ";"Vi뚉e뚎lska, visoko뚎lska";"Mo뚊i";2019;2713
"650";"12 Zasebni sektor - SKUPAJ";"Vi뚉e뚎lska, visoko뚎lska";"꾠nske";2009;2040
"651";"12 Zasebni sektor - SKUPAJ";"Vi뚉e뚎lska, visoko뚎lska";"꾠nske";2010;2104
"652";"12 Zasebni sektor - SKUPAJ";"Vi뚉e뚎lska, visoko뚎lska";"꾠nske";2011;2124
"653";"12 Zasebni sektor - SKUPAJ";"Vi뚉e뚎lska, visoko뚎lska";"꾠nske";2012;2134
"654";"12 Zasebni sektor - SKUPAJ";"Vi뚉e뚎lska, visoko뚎lska";"꾠nske";2013;2101
"655";"12 Zasebni sektor - SKUPAJ";"Vi뚉e뚎lska, visoko뚎lska";"꾠nske";2014;2116
"656";"12 Zasebni sektor - SKUPAJ";"Vi뚉e뚎lska, visoko뚎lska";"꾠nske";2015;2121
"657";"12 Zasebni sektor - SKUPAJ";"Vi뚉e뚎lska, visoko뚎lska";"꾠nske";2016;2117
"658";"12 Zasebni sektor - SKUPAJ";"Vi뚉e뚎lska, visoko뚎lska";"꾠nske";2017;2114
"659";"12 Zasebni sektor - SKUPAJ";"Vi뚉e뚎lska, visoko뚎lska";"꾠nske";2018;2147
"660";"12 Zasebni sektor - SKUPAJ";"Vi뚉e뚎lska, visoko뚎lska";"꾠nske";2019;2222
